Year,0,1,2,5,10,12,15,18,20,22,25,28,30,40,50,60,70,80,90,100
1816,-1.5830735273027796,-3.064332365046248,-3.377842248464576,-4.2879535834339935,-5.0917911210572635,-5.344151902891836,-5.227672526978704,-4.8987362015988465,-4.720805529587016,-4.6011781647185535,-4.5803800171808735,-4.682375256897063,-4.6788167261563895,-4.431805287237029,-4.019218537031702,-3.3806009518635047,-2.6528378462740294,-1.8131955899484729,-1.4714688807109408,-1.039535216630542
1817,-1.608113789471969,-2.917438787184084,-3.250650329967386,-4.178922538697399,-5.0481814101702245,-5.240992299928768,-5.115162823450191,-4.873834252604111,-4.696518225447397,-4.641211957335356,-4.641834170359684,-4.72035659579721,-4.697504797190888,-4.393208924076451,-3.9571249793405663,-3.3372934368255427,-2.6540877221593258,-1.8354606044991535,-1.4758165238593348,-0.5842030935707663
1818,-1.6018517601887254,-2.794409063752905,-3.1811706826895523,-4.111144900900447,-4.999843733018057,-5.203552790103613,-5.079503173395056,-4.841905690821768,-4.676129274928584,-4.603172183325419,-4.639865155784978,-4.68486295489734,-4.645679729326301,-4.3892526797656215,-3.987015984469576,-3.3821891874914822,-2.6898370716828524,-1.8945100603704768,-1.4977534352395865,-0.4891032716936749
1819,-1.5323750246326682,-2.709035686533503,-3.0814862595728987,-4.009580709022951,-4.854401072065619,-5.175922758334432,-5.1176638668547785,-4.838111579782412,-4.6719512196784425,-4.554286975673522,-4.626700304538455,-4.65804367559516,-4.6227233452356815,-4.386034656071422,-3.9743772471751218,-3.403790741514755,-2.718570344267583,-1.903164885203773,-1.4864462430703318,-0.7190764575045636
1820,-1.6228068801730549,-2.8616560293880307,-3.2179262758326126,-4.133168554079683,-4.927029710241459,-5.293130839860736,-5.237786866808005,-4.909930599974624,-4.7528584588876965,-4.6337754429984255,-4.728242183578086,-4.756225660908047,-4.692036119009753,-4.425435305090903,-3.9683288416392406,-3.370367542869716,-2.6691949393335372,-1.7942265098718462,-1.4182020398131172,-0.6396841417711524
1821,-1.6182768611013048,-2.872966118729128,-3.1809781018651924,-4.121140385009264,-5.007889068428232,-5.361044196456342,-5.262178319932163,-4.905059801547617,-4.732435537033966,-4.641626722998708,-4.692799935949067,-4.747079432170785,-4.718674886784912,-4.462542787738335,-4.068735296715682,-3.500277659362831,-2.7728127473315283,-1.9388590664686205,-1.561896146236866,-1.1436996168043192
1822,-1.4935099296581968,-2.81222808301375,-3.1631336912575674,-4.095224949649409,-4.986577029003184,-5.249527202378606,-5.167640042906419,-4.844570159821824,-4.647242962409999,-4.583310851635198,-4.626598133401712,-4.714538723043456,-4.672378935681541,-4.466104137865094,-4.0946246014294205,-3.5034959232841625,-2.7611345721946656,-1.9145374589229505,-1.4216770090773705,-0.8018867320679322
1823,-1.5735786117335908,-2.8679549036121648,-3.2619660147999023,-4.163180303197555,-4.999546997110834,-5.3389310494333335,-5.301321875568336,-4.953735246963444,-4.737216966908424,-4.646930120236323,-4.717219689796714,-4.821586416552875,-4.7629942711816575,-4.5387272294393775,-4.125897150735208,-3.5061912978591097,-2.7448646117250224,-1.9178670580306705,-1.430049820711374,-1.1596338017354582
1824,-1.5282635376451037,-2.7800887774716103,-3.1318727812466265,-4.12465945022446,-5.0305829319059505,-5.325894134318271,-5.274796171506692,-4.962845630260407,-4.776314442191921,-4.661317346611092,-4.677203388887923,-4.724742321128937,-4.7597209458366905,-4.518167142366519,-4.147808632091425,-3.5180570937130025,-2.7704310516859816,-1.9177581611559031,-1.5556886364399096,-0.9446130488787436
1825,-1.563232037045179,-2.7443667354681023,-3.090372677708112,-4.073895085354692,-4.972472833001907,-5.269146989248257,-5.1275624461255465,-4.843681214433422,-4.742136041061249,-4.6792473893844075,-4.695423174965653,-4.679785979368881,-4.734368124459773,-4.47994822123471,-4.096486855294134,-3.4587841225151412,-2.756542159739332,-1.9115029252533349,-1.4284547508916257,-0.8228299884962859
1826,-1.56796972674034,-2.7855685975319475,-3.0917366942877917,-4.0236810869710284,-4.850559346249621,-5.132125191683966,-5.044295495588892,-4.78729176277938,-4.667577646116708,-4.59284643629926,-4.58057513913271,-4.610283235374914,-4.659204074480577,-4.449962921685708,-4.068676815473522,-3.4385254869281545,-2.675186187483037,-1.8230024889679868,-1.3075201499556652,-0.7378914404494039
1827,-1.5917993898300662,-2.9271208081264177,-3.2714067268814953,-4.155624398644752,-4.971030039503896,-5.209025259069275,-5.118666038309961,-4.865885810210059,-4.7327763105932386,-4.646825861256923,-4.613807379383755,-4.6558321007903185,-4.639658116446764,-4.456577781938265,-4.061683779982553,-3.4518172186625216,-2.674373674742826,-1.8895421030292887,-1.4687894066507057,-0.9748604352324818
1828,-1.5511312691730472,-2.6807609626645728,-3.0687546812998727,-4.030468760634628,-4.993040985695305,-5.209574156713648,-5.0827222329911566,-4.834331809627863,-4.706317367993049,-4.624149152585893,-4.607673316206211,-4.654045353770228,-4.641315632624446,-4.411249493350786,-4.0404815723319505,-3.4109447331170357,-2.6573475811284486,-1.8571815806165428,-1.429406475965029,-1.118520141500302
1829,-1.6281824996521397,-2.8573626042892197,-3.213341169369726,-4.183634897702433,-5.047869980706482,-5.3011212938807715,-5.212506710134926,-4.894854261110545,-4.678063511508416,-4.556665776928477,-4.5972020163389145,-4.668536061609911,-4.637486787464635,-4.444327660871262,-4.069437338516002,-3.3954340217730508,-2.6276921585365622,-1.8158472647571449,-1.3953351057720398,-0.8831533887981617
1830,-1.6489118576479136,-2.852636763260873,-3.1978239781715887,-4.193590476880073,-5.082399860325567,-5.302325387945577,-5.186060684202369,-4.88066021767451,-4.699041401598162,-4.594230245949757,-4.622621579601847,-4.661000070948762,-4.645992180508347,-4.411002406910455,-4.067215894833848,-3.397733388220993,-2.6167206608140128,-1.8323752350149167,-1.3975858709516429,-1.1625525887755674
1831,-1.6777435201409157,-2.839720469550397,-3.1500729714335365,-4.1439550627754365,-5.050520227795171,-5.267982166751964,-5.219691046092846,-4.858128822381486,-4.586348431747504,-4.455199659411797,-4.565661052893379,-4.697395130030608,-4.658887468494079,-4.472038873384909,-4.1315481112196455,-3.464520641528924,-2.682631023256018,-1.8503190996076508,-1.3940765640619477,-0.928246923120868
1832,-1.599858937653777,-2.7892060280632194,-3.1377337217513634,-4.000089484296597,-4.796936201610046,-5.134329516442587,-5.106870901977081,-4.732321971648575,-4.47721682167763,-4.347509272648321,-4.380188325400241,-4.432225791006733,-4.37978913973369,-4.151931303075086,-3.8035274092748472,-3.2221060363884857,-2.4978703161798586,-1.7732812479822821,-1.3692602685641106,-0.8760008789161096
1833,-1.629472266576872,-2.818624283812924,-3.2188008276805604,-4.110047205949392,-4.9208402949800405,-5.2239522845927295,-5.173624922590719,-4.841778988255872,-4.618559423107107,-4.498290824360995,-4.535550844108035,-4.612698452408883,-4.600779837686798,-4.408206352457267,-4.0676831572686085,-3.4559281563686604,-2.6748378868961127,-1.9046079498517847,-1.4704110227526888,-0.9556814594790742
1834,-1.4429959381491966,-2.598527857875621,-2.962548979763758,-3.942894669095233,-4.794878961216064,-5.0416616727013785,-4.979427366972063,-4.712755396668029,-4.5351778141680565,-4.433235722080624,-4.472038873384909,-4.5447338171842615,-4.539663383785971,-4.362302441826151,-3.996764233883237,-3.4137660373380103,-2.6219917780289648,-1.8454514275849327,-1.4116080665484934,-0.7398782660875685
1835,-1.6548223825687045,-2.893608992089149,-3.2400994613198275,-4.199838420102941,-4.986577029003184,-5.2330915816303305,-5.155950125261115,-4.857485114602581,-4.658570962715206,-4.533314748887664,-4.531826791763882,-4.595615973183278,-4.622214620597349,-4.415293904790027,-4.048014564639495,-3.4822230723051883,-2.6754765306707213,-1.8722777899875664,-1.3717644336355723,-0.7509076579567311
1836,-1.7106846789504293,-3.031856984272624,-3.3463967451960404,-4.346505062606803,-5.224137968373785,-5.3943878352987715,-5.270507665908768,-4.978410146801519,-4.786572165722663,-4.662481552701205,-4.6343930446649955,-4.682267236373058,-4.722490828564633,-4.50849729872783,-4.165432483937831,-3.5505097848491647,-2.7118022311719394,-1.8782393511225928,-1.3751289272193743,-0.8371722973633366
1837,-1.6816699529406898,-2.901477195628487,-3.2430660636694184,-4.251630150744846,-5.166412295668097,-5.2648825904618,-5.149552593282925,-4.861612022703817,-4.639865155784978,-4.5100418408965135,-4.511133544061709,-4.5818443606845936,-4.612194800925057,-4.350295436512428,-4.024184372316476,-3.3548387426841386,-2.5109139261702413,-1.6968384560483296,-1.2532155709043875,-0.7192057756797976
1838,-1.6656009394829514,-2.7700639122566706,-3.158251203051766,-4.179445038872567,-5.119334711019596,-5.240614656419748,-5.185703222178903,-4.892452338418545,-4.636041849655179,-4.491484421584276,-4.51917599282123,-4.610886492984202,-4.628848313342669,-4.4115790369359065,-4.096066043120442,-3.4576724995901715,-2.645892637195053,-1.8335631954892557,-1.417392948221922,-0.6245226435664821
1839,-1.7342871046757893,-2.8719406589504395,-3.230391880829448,-4.253598240225261,-5.117163157506089,-5.258327718331878,-5.158555424172878,-4.868745183096639,-4.659204074480577,-4.537231202979898,-4.571542005008109,-4.652156977212428,-4.658570962715206,-4.459771983298736,-4.160227987337727,-3.4981268718421297,-2.719662362030388,-1.9006863367654896,-1.4680772486952447,-0.787323803083155
1840,-1.7721039115696138,-2.914299762873453,-3.259906174426193,-4.226939250833696,-5.008337935047574,-5.204644890685402,-5.139264436693437,-4.797057347651747,-4.542195386826703,-4.39970192635389,-4.460031420321854,-4.589001604826508,-4.607773571858206,-4.407221373308436,-4.0815665498628855,-3.4494531886258324,-2.647543233265557,-1.8295797234818445,-1.3236388617555483,-0.7889468801595371
1841,-1.7907619668989654,-2.891408294915098,-3.2108580532746176,-4.201439915173643,-5.054743933722318,-5.227672526978704,-5.185524539072914,-4.807898552559709,-4.489790034948019,-4.325192717921863,-4.3928853780087564,-4.558954762191129,-4.607974113320825,-4.459771983298736,-4.145974755458958,-3.5338263244741754,-2.7181914501791025,-1.884835746052662,-1.37685505190515,-0.848919507880369
1842,-1.6878914668142078,-2.92880286287205,-3.27560491911429,-4.235332255523078,-5.053803789497635,-5.2121396703069856,-5.15110498686765,-4.809246674585076,-4.52082903755434,-4.3787520021402235,-4.467933167683007,-4.614009134655296,-4.6179515203528245,-4.405008711065807,-4.125773311725761,-3.4753499701957886,-2.6626228276379678,-1.80385431791672,-1.3123229697214671,-0.6679961364799823
1843,-1.7508574779076291,-2.8429940193017114,-3.2205772715079584,-4.228241736022116,-5.14972496249821,-5.26546302967709,-5.131786495660406,-4.824570751023467,-4.601875619038661,-4.481802772037806,-4.546241118458804,-4.652366620819066,-4.665026353141457,-4.4761615054245585,-4.168594082854875,-3.5460266412303483,-2.722625912554598,-1.8313384865646145,-1.3225011176327277,-0.8167938739050893
1844,-1.7788570643926471,-2.9876450633713723,-3.340563348125305,-4.3487466094390825,-5.219691046092846,-5.359767328864258,-5.214160058541314,-4.897261966928572,-4.682699388497329,-4.5620149156741645,-4.6210963365383515,-4.712421376735066,-4.705101024613142,-4.510587543502144,-4.205387861015425,-3.535060257792694,-2.7529586588515036,-1.8419691404210328,-1.338319767532989,-0.7500667993842814
1845,-1.873286277634484,-3.0340366067117053,-3.3837504680584347,-4.384269147226662,-5.211956200899993,-5.347927867101372,-5.235530378449272,-4.936177383178246,-4.721591649005343,-4.600282151915315,-4.64703439008679,-4.743283488117727,-4.745352216587954,-4.572315849117143,-4.2689122580436285,-3.578841892905147,-2.8050953851563225,-1.8881800653164098,-1.3702123723130435,-0.8719868063176307
1846,-1.7065712531868016,-2.895850740144424,-3.2151826530305834,-4.288536291586543,-5.209208191476262,-5.217474978703937,-5.0586707431348135,-4.770162760660272,-4.559527828109389,-4.452792505567209,-4.518992489747039,-4.641834170359684,-4.657622045990514,-4.541913736353076,-4.173192983339817,-3.5505794494143115,-2.7625116667432525,-1.8670111721155649,-1.2675020571683624,-0.6830226074620963
1847,-1.7515719159230725,-2.9621040925740068,-3.321988867985548,-4.3196905370915095,-5.138923314397787,-5.214343932771858,-5.10373791235858,-4.785733289767184,-4.540600415338791,-4.422348754152487,-4.5009002648122935,-4.617141557769312,-4.600779837686798,-4.4236823099427145,-4.028725375214289,-3.4259614968087737,-2.6097354486412248,-1.7475397335733842,-1.207037495698781,-0.7321728727310547
1848,-1.7310576739189825,-2.882814386898916,-3.297161743266745,-4.289556848607619,-5.095376522551346,-5.225996704968411,-5.188208143868007,-4.855941904419776,-4.568934693405996,-4.4207674629903115,-4.491484421584276,-4.608877047919418,-4.606170686321675,-4.420351748995549,-4.057280018085286,-3.455421281872602,-2.6429368452137965,-1.7922856076145846,-1.2878617883347632,-0.6864258195998203
1849,-1.6371123412230169,-2.664200793823949,-3.045637058682632,-4.064242218405657,-4.860966069577549,-5.048025683314815,-5.01947424276346,-4.715878307972513,-4.463844249897656,-4.305806608762473,-4.290943558314198,-4.33621232253459,-4.353789093262642,-4.171247205063443,-3.8354324032664335,-3.3092929949926635,-2.5648853595094496,-1.7678945161264945,-1.2434415482363026,-0.7550076907719203
1850,-1.8465282698809349,-3.0352842415661057,-3.402408114303212,-4.41248584215859,-5.201553698115728,-5.398800905126358,-5.286981856884292,-4.990244604448522,-4.7933086281036115,-4.665026353141457,-4.651528309966241,-4.694985490310455,-4.712755396668029,-4.514507151090848,-4.1344792929622205,-3.5210287637484377,-2.707025726056022,-1.864639887442199,-1.2799651148331326,-0.8378701082987607
1851,-1.7347970745986163,-2.950300122156156,-3.2790239977044786,-4.309371145434364,-5.1629127295418336,-5.34561863966605,-5.254300481131263,-4.980009100554494,-4.789453666095587,-4.674198772398529,-4.679355084177468,-4.728581530903326,-4.7229407217225985,-4.511042523263393,-4.1236703916039295,-3.5271007985513108,-2.6991152370446305,-1.8173049954458664,-1.1828312045725604,-0.8130214012203413
1852,-1.7132551750752316,-2.9494977532144566,-3.2899691149764463,-4.306103168669747,-5.155603264348861,-5.273624753957665,-5.165711402000015,-4.9112878205955575,-4.745007131175892,-4.640072237997357,-4.636041849655179,-4.682807455715245,-4.6983825677102695,-4.486942804623442,-4.101973589386592,-3.5273390031702037,-2.6976148393806816,-1.8303526992900347,-1.18793870693548,-0.6740212527614688
1853,-1.8087428742684684,-3.0263358213521685,-3.3987204517872627,-4.4342466741465065,-5.236281975628584,-5.230471819652968,-5.0827222329911566,-4.83735448195445,-4.6671519783439726,-4.56153614896803,-4.5988899480309415,-4.679678238163153,-4.70036037299184,-4.532756505479046,-4.164659736137127,-3.536398739331003,-2.658403261212796,-1.7725982240440032,-1.1025118822092213,-0.6144506092908342
1854,-1.6221230294082256,-2.7271412816078606,-3.083514856937749,-4.1525670714225225,-4.988189105266426,-4.989656887711064,-4.95231921727342,-4.642560575206651,-4.330953364489881,-4.1633731486325365,-4.255570210721324,-4.409603402444117,-4.402637588578006,-4.214074491847229,-3.853141077691924,-3.3165162175108884,-2.4911219246552982,-1.7210624506249923,-1.0714573442528383,-0.7422260864112449
1855,-1.6954370746133067,-2.8148450782982164,-3.1761995505877643,-4.207334105044418,-4.955295199063091,-5.010285355331968,-5.0775766998501375,-4.611288866996269,-4.134104620795978,-3.920105581621502,-4.07595469711051,-4.411002406910455,-4.493181684040044,-4.3975870727919375,-4.071605075252611,-3.4621583100232973,-2.5615242299136147,-1.6998058253841088,-0.9987760035130988,-0.5964180080022065
1856,-1.7059377996597298,-2.9139126839321654,-3.242809975163832,-4.286498296849567,-5.08111140790058,-5.126888250920506,-5.052864528313992,-4.707978405969773,-4.393047137957346,-4.240527072400182,-4.373185830008399,-4.604170685655008,-4.6287459225167975,-4.524973643993815,-4.198638979697931,-3.5714520372379712,-2.7168437512842027,-1.880040014908012,-1.1455372434226394,-0.6842667287540081
1857,-1.5802335419281024,-2.9089492559697185,-3.2521741102697157,-4.289338070119964,-5.089840852277232,-5.129587763273549,-4.98438292295219,-4.747079432170785,-4.605270190988425,-4.5265438655329024,-4.613000765103281,-4.699590761607583,-4.673127879171318,-4.518442182478268,-4.1423800112606575,-3.4765784715787964,-2.6789526702785142,-1.8379395426498495,-1.1389469019778848,-0.7268115189936022
1858,-1.6144253289451471,-2.8813505714352763,-3.2572788724011463,-4.260163046917041,-5.0827222329911566,-5.22228268027204,-5.076134276328951,-4.820717660680673,-4.691927049914374,-4.616939169588091,-4.663223117436709,-4.70443818764676,-4.680109272652585,-4.49416562794518,-4.097930985757522,-3.4249779103275584,-2.6031768040673984,-1.7654252779363169,-1.1200974506322234,-0.7290790678347966
1859,-1.4029320022729141,-2.5795118781290065,-2.928989932612194,-4.002221273346295,-4.934368938642806,-5.061823330865688,-4.991862608772972,-4.714427171925041,-4.490949041898068,-4.388125193135752,-4.519451310585554,-4.677203388887923,-4.651214124489498,-4.460896696831667,-4.053701783760084,-3.415560032497992,-2.6284675992611297,-1.7687795419584402,-1.1093052552069096,-0.7465585058659033
1860,-1.8332004052530912,-3.020721930257597,-3.360842696313825,-4.396450155339607,-5.265076032768235,-5.348138061531992,-5.221541527745988,-4.941762429809881,-4.7369887606089405,-4.644951055999936,-4.715208291197028,-4.811825419797499,-4.771106713532722,-4.608877047919418,-4.177617481415922,-3.499979581959859,-2.7090957474953967,-1.850249121714275,-1.1783050575773582,-0.9149541255305252
1861,-1.6005475490886534,-2.8788741099043427,-3.170466685660513,-4.271057874658503,-5.334981350919628,-5.242693462800039,-5.113831486924705,-4.895388806091868,-4.728242183578086,-4.641730441299893,-4.699700669834325,-4.769219697994597,-4.740531823918769,-4.597003623321698,-4.162666230444939,-3.4844376962358994,-2.7186158212069933,-1.8605052283926289,-1.1436431279624195,-0.6615748728012645
1862,-1.700627095222872,-3.0519852151047893,-3.3777250254770133,-4.404845004754562,-5.385837964077532,-5.302124604890992,-5.1536976769380924,-4.928686711449088,-4.7695732422797015,-4.675270813667581,-4.743742835852031,-4.800698570269328,-4.778928512121559,-4.619066291180203,-4.1833725165923665,-3.5130120137264464,-2.7375923034831984,-1.8864504407813845,-1.1705541470027452,-0.8703785145476013
1863,-1.608113789471969,-2.9534968783552333,-3.3704257229954018,-4.435511803147534,-5.487301066215543,-5.366168033456211,-5.177339439995135,-4.965422951274708,-4.79294659346501,-4.683347967052115,-4.7236159411945735,-4.781788039865368,-4.777026692934283,-4.5918591719284185,-4.168206410820556,-3.4982260372004457,-2.715482754219535,-1.8826452511315697,-1.1686539242015817,-0.6651254813863693
1864,-1.6441018235974612,-3.023350160590664,-3.3702221073628347,-4.498920066145431,-5.474338810793512,-5.401901682804606,-5.178225886290217,-4.971606907128778,-4.798754935060757,-4.691381882807157,-4.7021217120645415,-4.742365425165937,-4.716660562021454,-4.547750695120605,-4.140430386417455,-3.490553323178266,-2.67838460844646,-1.8203873648976052,-1.1623990924160081,-0.6643304011220569
1865,-1.5996113516163648,-2.8918588630891784,-3.2433478367926885,-4.405254320793186,-5.372609971129892,-5.303731999249536,-5.068794208269788,-4.8648480620302745,-4.690183560315048,-4.596904441571058,-4.614009134655296,-4.674413088730252,-4.6372802399063255,-4.482067988854109,-4.0919274857064964,-3.4796238960799006,-2.682265502128483,-1.8202577140594784,-1.1285252536178627,-0.7278628566484396
1866,-1.7576421408338443,-3.0097703478579185,-3.3231813416775147,-4.4579578063077046,-5.34226925407722,-5.3389310494333335,-5.142168684058105,-4.8793439084150805,-4.731867839034049,-4.632746953758327,-4.6353201629389735,-4.658570962715206,-4.625168832494781,-4.441521894459758,-4.07595469711051,-3.5227211551624014,-2.6809215337139576,-1.8505926965501616,-1.1601345632542672,-0.7761158312997112
1867,-1.664475048364009,-3.0311936618321496,-3.3808948793243245,-4.487209388354526,-5.5759171036583055,-5.48055892654182,-5.2372222671882245,-4.929239655892262,-4.815767768133783,-4.742824351286887,-4.764752255812557,-4.776077137966792,-4.769337532202004,-4.539476082792729,-4.142820775679216,-3.5486654400255513,-2.653235364628995,-1.8360060710276171,-1.1118373556213403,-0.4814189366532365
1868,-1.5508483010239402,-2.900385730774444,-3.277114233457292,-4.396044426442087,-5.497012237459936,-5.400793158137274,-5.160470299855913,-4.860836929007862,-4.694001399694707,-4.644638929898458,-4.679462790569946,-4.716213484781416,-4.7080892399959335,-4.493628811255184,-4.107490593892116,-3.503795050831054,-2.6251761209341002,-1.8006831672490962,-1.1174251459482756,-0.8805037919936698
1869,-1.6153553861981382,-2.9532668302358207,-3.325459310270984,-4.418026938914923,-5.424107372606336,-5.413055044018461,-5.180356568914472,-4.9062752787720125,-4.718562873343181,-4.663329100161623,-4.678171078872581,-4.700910458268927,-4.678063511508416,-4.491038251943179,-4.118555290937159,-3.516170618503042,-2.6288694032277693,-1.8145757931494275,-1.1324741859576228,-0.5718042665737958
1870,-1.5425412364305793,-2.8097009398329584,-3.1828573487922682,-4.246866569057539,-5.152486918336497,-5.171332354793548,-4.978700675565911,-4.596210444616619,-4.244144719312101,-4.093305102647438,-4.226596773348243,-4.406237363388941,-4.40149491786928,-4.259101287836583,-3.933195570660947,-3.3629482942304585,-2.466234072522616,-1.6566291056392275,-0.984947052857724,-0.4776713512338314
1871,-1.4578634052347053,-2.5800660409615017,-2.8902197694469933,-3.9311038932409383,-4.733571900792615,-4.801063422812142,-4.784296851885528,-4.210766025239352,-3.7028566820447963,-3.454250117696637,-3.6422630794853568,-3.9357011327827234,-3.96431680014928,-3.895854424266562,-3.694937768697901,-3.224893897193764,-2.4353739042575095,-1.6426793372139064,-0.9450966675908368,-0.2675932116145261
1872,-1.660510178618605,-3.0682814612437195,-3.4698081832899486,-4.526359005563801,-5.365740042865472,-5.419581454041076,-5.268370290180084,-4.960560241463949,-4.747771154587113,-4.582430699018602,-4.588706459957425,-4.663541099314421,-4.673449026741387,-4.512499851146783,-4.201439915173643,-3.56224680318057,-2.745175910309571,-1.920955131871648,-1.2570571754183912,-0.6259391008667198
1873,-1.626634937262622,-3.000141982042692,-3.433245479631049,-4.543134795068639,-5.422973971147592,-5.441033668749632,-5.264689185568052,-4.924411727347637,-4.709642207584802,-4.575805577358189,-4.578333532034533,-4.687465428714922,-4.6777408788229256,-4.515238078487483,-4.167754316648099,-3.5262505306657177,-2.6814472193076755,-1.8398263949974412,-1.1126584761015146,-0.5412418768467924
1874,-1.7235196812373097,-3.2051455184199416,-3.4619032567795496,-4.650586049518575,-5.583070399493939,-5.541153551207984,-5.382351362158046,-5.037800962169025,-4.811210829402639,-4.704769551210847,-4.6905102331551065,-4.786931899523532,-4.753786210316875,-4.594131338872875,-4.209688075933329,-3.5834029451835896,-2.749966544203501,-1.9066923205215769,-1.1856680302781983,-0.490387577476193
1875,-1.7362661074849712,-3.1319873721001104,-3.4749623357302317,-4.596805269656464,-5.536067070251608,-5.489720032078184,-5.379093676575326,-5.0231128156073686,-4.710530701645918,-4.607773571858206,-4.648599743915427,-4.746388187903629,-4.680001496611093,-4.5201858620830935,-4.140744585056417,-3.5089941960203315,-2.698461321703363,-1.8229096370203504,-1.0943205115330383,-0.7312956687519157
1876,-1.7490851113925368,-3.2074167317793068,-3.4905205196223577,-4.581063110644858,-5.5570880955053985,-5.4904468643330775,-5.350663846920246,-4.983068766378451,-4.699590761607583,-4.579404978102065,-4.670135464840451,-4.721928746598287,-4.678063511508416,-4.533221686675508,-4.1466699680007855,-3.5454719908192067,-2.7617674836081982,-1.8459833694385013,-1.153504683633907,-0.6925413641037972
1877,-1.7436952828024208,-3.2160298784182815,-3.5656004379537656,-4.538914390211026,-5.608381389892948,-5.529997248884533,-5.335603951334052,-5.046003437934047,-4.822828807071732,-4.6651325271607735,-4.7288078264462685,-4.725757148977209,-4.700140423579319,-4.572799805957642,-4.193325470915888,-3.5836549477049484,-2.7951779484989765,-1.8853363520598496,-1.2053604333045316,-0.4491458725199333
1878,-1.6745419267661463,-3.130498714250788,-3.5432910403762023,-4.603271988705012,-5.615771597333488,-5.548318372032129,-5.308569743012388,-5.0489604084179245,-4.82893893269622,-4.6894217384356836,-4.7088654223268565,-4.7266600835758,-4.673877383997882,-4.550397950141112,-4.177161113445034,-3.5522179653555064,-2.7281049601809366,-1.8048143141018551,-1.1316149341362332,-0.4312307086442679
1879,-1.7396832813815797,-3.2066014639928127,-3.572306038642044,-4.677848411486077,-5.571965050036013,-5.562543362963476,-5.3093783139074615,-5.067999611485827,-4.835967956239161,-4.713200930201797,-4.6923633976904675,-4.745467271526813,-4.6719512196784425,-4.5351778141680565,-4.159843544454796,-3.510498986553243,-2.685662682224581,-1.7521888173104858,-1.0529412696925464,-0.6378846739279214
1880,-1.6736831432521493,-3.058906392578264,-3.4316978271105385,-4.597598920491773,-5.564107492583719,-5.534546157410902,-5.3057448823768345,-5.001774665664058,-4.801306731815774,-4.6477645836205115,-4.626904678134098,-4.751236962122875,-4.7013507444620615,-4.519910342037268,-4.162345069122851,-3.5558882073419227,-2.726713277932724,-1.7838865422095516,-1.1513202674604606,-0.6168937971619085
1881,-1.7240241881765723,-3.137503232652477,-3.4667924607605656,-4.5950218549362765,-5.435971531846832,-5.467446329556007,-5.285993616859205,-4.986577029003184,-4.81071942890135,-4.660894334760453,-4.652261793521942,-4.737673535801185,-4.702342097740365,-4.549640876195611,-4.172089910846953,-3.5896496931864346,-2.77712700468279,-1.8612124465474629,-1.2067299350534209,-0.632597855695902
1882,-1.6969967119593816,-3.128281291723489,-3.49393786596388,-4.5600056340337165,-5.360192770266124,-5.4681571458399345,-5.286388795682763,-4.978700675565911,-4.785134523208368,-4.707424420026848,-4.681727308710246,-4.695642089152167,-4.693564336750687,-4.527746289023288,-4.159075101794032,-3.5707409260968945,-2.762527506445467,-1.8587393681045032,-1.1456189941458643,-0.5757482186504417
1883,-1.6949576751608826,-3.123702017998605,-3.5033630064234624,-4.603172183325419,-5.503375450315862,-5.475531985973847,-5.326511100918818,-5.019171625118542,-4.7884922431156305,-4.6964086664223625,-4.684646387489887,-4.6983825677102695,-4.677203388887923,-4.518167142366519,-4.151232424429149,-3.572804543138908,-2.7458611084988016,-1.855274514295987,-1.0882125538615322,-0.3873182626271277
1884,-1.6235013404862004,-3.0885056737063463,-3.4484147832712715,-4.549546282240095,-5.496768305271875,-5.387148580254652,-5.263915939830705,-5.005200091606317,-4.804841381117159,-4.693564336750687,-4.70443818764676,-4.689530534606165,-4.6445349095103685,-4.4781851742336025,-4.159075101794032,-3.5531953801713376,-2.7520177627354223,-1.8635111427121132,-1.138191306004669,-0.5319352047541945
1885,-1.7795680870508972,-3.010744393674494,-3.622567506427224,-4.470114954995227,-5.769922277160746,-5.496036865522088,-5.3057448823768345,-5.067681949475531,-4.8178684794407625,-4.694547997139308,-4.746157879289068,-4.746273026966092,-4.639037255499669,-4.477744897732853,-4.1699521197305804,-3.5602048365507577,-2.7562430437036958,-1.8947361617845742,-1.1132184410574717,-0.4106952615470973
1886,-1.7099988533887145,-2.9912622788825387,-3.6301201002404055,-4.413476022947472,-5.763851001122321,-5.424107372606336,-5.212873884730569,-5.026612248619396,-4.7993619153525335,-4.66142312753889,-4.727450820696924,-4.715431580245629,-4.637176982123178,-4.4557162328197535,-4.17853084264852,-3.5486654400255513,-2.7596645996697693,-1.9016770190784955,-1.1381382484043894,-0.31226169142617144
1887,-1.7235925387364803,-3.149233164539752,-3.5193054701424837,-4.617647707499204,-5.587600720366791,-5.4822402047089644,-5.201190655817313,-5.035030450930979,-4.86770446490722,-4.733571900792615,-4.7373310895904295,-4.7597209458366905,-4.705985491226907,-4.4475683254846015,-4.1707289696434096,-3.5310213694983568,-2.7372524669104235,-1.9340744678796475,-1.1554175883895994,-0.79772800025968
1888,-1.7084022605866886,-3.020229905154391,-3.747186762975211,-4.6322331055377814,-5.712016279583304,-5.584400717636122,-5.323225002254222,-4.922212413746358,-4.7887325122181785,-4.761122487761979,-4.790055025185211,-4.839627497202574,-4.753090316064713,-4.484192259435189,-4.227076274676059,-3.5532303055184125,-2.699382871160657,-1.8584891892894952,-1.1213242640160472,-0.6102335210921717
1889,-1.7578393177253515,-3.105257003083428,-3.7685289057894167,-4.738130313244323,-5.7841252273387385,-5.653279492483095,-5.4177768065853655,-4.968294453606731,-4.839501082942878,-4.851582364241655,-4.855941904419776,-4.899272826242795,-4.8031334387720035,-4.543698863899991,-4.248965352533978,-3.6149972217232316,-2.749200374467252,-1.911753196663838,-1.1833175994009024,-0.6482923687895711
1890,-1.7153152282768072,-2.898877832190109,-3.611955450700733,-4.659943211835382,-5.74898906749428,-5.640807675494813,-5.3358115709756175,-4.825692176597348,-4.7993619153525335,-4.773943930236777,-4.815891217303744,-4.823450581636314,-4.782146056457294,-4.517434071684004,-4.182847960813504,-3.4509970552147613,-2.6797980774361156,-1.8064386836471131,-1.0314659209203727,-0.6804047117504681
1891,-1.7546486726918873,-3.0803755476230963,-3.6758842586191247,-4.68648870716568,-5.702683079212901,-5.612206531168993,-5.3091761098829124,-4.913871625663948,-4.746157879289068,-4.730960192046392,-4.813548285101827,-4.841905690821768,-4.806063128367481,-4.532198573532268,-4.20311087101476,-3.4775170285355674,-2.6196547823404184,-1.7593193849758235,-0.9600310430411134,-0.45612281505053104
1892,-1.6010729961024728,-3.0610604397124788,-3.814714822961148,-4.738473033302512,-5.771205150973636,-5.676070036089666,-5.365312235372316,-4.969877301624088,-4.749271529962348,-4.819973613027299,-4.844189086460591,-4.821710586168728,-4.780714758503022,-4.559145747676812,-4.218955857472064,-3.5305432600704933,-2.6576470527771394,-1.7401618211607848,-0.9458508591165772,-0.4938308563901288
1893,-1.6261162254869137,-3.0229801480471283,-3.7772299090866137,-4.697175831784116,-5.8038238288364274,-5.653279492483095,-5.4189043295371535,-4.958849620947025,-4.841652301741481,-4.7952416962421065,-4.825442862210618,-4.798512246065512,-4.751236962122875,-4.506139662525136,-4.201573488939955,-3.5335180789027647,-2.664660306461452,-1.7586400233173691,-0.941754704386113,-0.2784911057501957
1894,-1.7516295541395313,-3.11017838294681,-3.8637567880186583,-4.749156036516473,-5.898703067026672,-5.735892528574435,-5.450536579525548,-5.063087154098679,-4.8984679972255085,-4.713981091846272,-4.842032409443238,-4.880923687574597,-4.8064299438022955,-4.521472626966523,-4.1997717467689135,-3.574444238380453,-2.6995762070228304,-1.847238353091944,-1.0057532923792083,-0.3945607770124262
1895,-1.7101979155852491,-3.1202982615072066,-3.981748287919712,-4.881055448560361,-6.008407267838295,-5.779584188072483,-5.423653857859335,-5.0411975996788945,-4.851454429743943,-4.714538723043456,-4.787771781989365,-4.898870330765434,-4.818115912325856,-4.502433108536978,-4.177161113445034,-3.5576406875492976,-2.6570054375959007,-1.7728042597124494,-0.9259093427524782,-0.3736351005992663
1896,-1.8490666000081728,-3.2901033341565684,-3.987015984469576,-4.936873810534202,-5.958803764868433,-5.826967575226579,-5.526473459685791,-5.0950500452386205,-4.9227617888460165,-4.833954617192387,-4.801793527492905,-4.908575218905108,-4.853887988421731,-4.5770687558772165,-4.228859295310278,-3.65652843722961,-2.770175636075507,-1.9015832638465504,-1.0936456428977732,-0.2825791147158785
1897,-1.7868196900516484,-3.400487633592915,-4.018050410073676,-5.093256322784592,-5.778613785279203,-5.836856828881543,-5.520961042820594,-5.130432857551852,-5.000883002653578,-4.8960573893888215,-4.882901927586704,-4.922075117116775,-4.854016234654674,-4.619877814860366,-4.220792530210412,-3.6152201540270457,-2.7294679319762745,-1.8161238856806712,-1.1656595540746455,-0.6633418067779142
1898,-1.6699631641879034,-3.2968373663379125,-3.934728842963784,-5.0856282731376865,-5.793269641157737,-5.821215571548296,-5.545753610431291,-5.123020424691046,-4.991568231379031,-4.852862610223714,-4.935898947982238,-4.9399438659737225,-4.82706451790187,-4.558191184794097,-4.25564071021023,-3.525944611120172,-2.649323850451211,-1.7571087982123448,-1.0791361852632892,-0.6397713561441364
1899,-1.6297783843427662,-3.323125846242,-3.8926126119083233,-4.983944678843211,-5.668222299257651,-5.734654138323287,-5.482961618711637,-5.079181836631366,-4.938686794783672,-4.7927053098349335,-4.897663815437094,-4.858901819070325,-4.784416476265118,-4.5272836473310205,-4.205521963201492,-3.5083929132657112,-2.7107037185677734,-1.7478957055816675,-1.0271021880624296,-0.4708936251746452
1900,-1.6836820477037524,-3.3718230624559773,-3.9821236331076353,-5.040888337267277,-5.7089960417090895,-5.648158570908205,-5.446817374866481,-5.068158480339922,-4.972617226908736,-4.784895116934781,-4.8784235217877505,-4.801306731815774,-4.767571475346915,-4.499729673530094,-4.093784718963587,-3.423504342184696,-2.584232079931656,-1.6579403679956235,-0.9899614919267108,-0.5163810264796875
1901,-1.7830296849190623,-3.481182590988753,-4.011732849577158,-5.0318078593290565,-5.718693087391955,-5.751503210867613,-5.492630536194369,-5.1988340880630854,-4.990685618788636,-4.814041078015582,-4.916462124079006,-4.882374014152245,-4.827938807597229,-4.541726013431557,-4.1490119635644085,-3.5216038555252527,-2.697273479130994,-1.7591277234147054,-1.0386872055895011,-0.4322023845998275
1902,-1.8577774842771984,-3.4673371841667,-4.054796979419601,-5.109020196017656,-5.813151011711566,-5.828665656802891,-5.539879503386264,-5.186954898694576,-5.032880903043576,-4.887135298110644,-4.9428831920454375,-4.865366801505012,-4.831192878053145,-4.5980952723161295,-4.243378355669897,-3.5781971244621342,-2.7345379239393126,-1.8226868275153651,-1.0149404818405392,-0.4585605517073483
1903,-1.8534157480195923,-3.511737957361524,-4.084117042066666,-5.16974826575333,-5.864655700244287,-5.806147481334229,-5.533533499096516,-5.180712124473773,-5.037800962169025,-4.893519147427576,-4.908981640369755,-4.942462758993207,-4.875405344836151,-4.614816563039897,-4.2646347866325085,-3.5779822939983483,-2.7205125343933063,-1.7786853097407833,-1.1265180579218186,-0.10666469906875173
1904,-1.7923276306011646,-3.4737035604490347,-4.140933151636694,-5.253726483220161,-5.891438233040858,-5.843734435083647,-5.551662426595368,-5.177871213472169,-5.024176564662922,-4.904385174253597,-4.927305686509253,-4.939804113335664,-4.8750123403115415,-4.581356007888837,-4.247495741716277,-3.547206295797791,-2.6954351070546334,-1.7691138283041967,-1.005340548707666,-0.7813971424610988
1905,-1.8677165345166395,-3.5472410125955167,-4.183569295970523,-5.240237155471512,-5.893974925830724,-5.847883818630457,-5.5416636251797655,-5.200464966380532,-5.056469830440054,-4.913871625663948,-4.940503071915878,-4.926615888592682,-4.884487342108245,-4.572799805957642,-4.185604953501145,-3.5437406884476976,-2.6952425700832365,-1.770798689320183,-0.9824705992838516,-0.7167331556994765
1906,-1.8087733885873152,-3.4662800508214118,-4.121880212416622,-5.225810675761289,-5.892524599253077,-5.8506596705169605,-5.508051230952328,-5.1601218677966365,-5.063087154098679,-4.907762871175627,-4.9242741284482126,-4.913191029435404,-4.88276992309836,-4.5933404342345145,-4.199838420102941,-3.528019900619314,-2.697748446856961,-1.7829285765933005,-0.9681236455142,-0.7759745952669052
1907,-1.915026011866021,-3.501205579893373,-4.308627485104114,-5.2641091952183,-5.924179800302387,-5.929053286986584,-5.530753964773838,-5.211956200899993,-5.035184167017668,-4.91006623917456,-4.905599831262375,-4.890056171137871,-4.8596754137453155,-4.54793955253382,-4.131236788406508,-3.4916692848262314,-2.6648183127102096,-1.7579263198917603,-0.999775607014542,-0.4559319020360736
1908,-1.9093747689528964,-3.5321150501842884,-4.411496640857913,-5.30473793435096,-6.0206874057848845,-5.977561641938991,-5.6072911744674405,-5.233841347363672,-5.084335657026212,-4.96973330277583,-4.978845971606848,-4.9382681219703555,-4.925788758686137,-4.660788609751103,-4.184553774112583,-3.6025182884658933,-2.7589540976307383,-1.8312760661506216,-1.0923091949649988,-0.35861396548368285
1909,-2.018602354648869,-3.5805992050291606,-4.432478178169981,-5.351507195062156,-6.007187507573218,-6.028543555349402,-5.621281253144457,-5.261792591865666,-5.1210083515776255,-4.968006932040633,-4.994368321632384,-4.983068766378451,-4.9095237927278434,-4.663541099314421,-4.172414217644024,-3.5572899457267546,-2.6773076337676955,-1.7811994232988078,-0.9941711955496788,-0.3070755834474482
1910,-2.0813233110978544,-3.579594648563956,-4.414549826379441,-5.478161993467099,-6.129807496729727,-6.062316288079933,-5.646174162035887,-5.261792591865666,-5.1746848061027615,-5.015547338457276,-5.0730959754388625,-4.987162937911114,-4.992598931610157,-4.712087468334169,-4.259596635120533,-3.6343912688298663,-2.800165490010016,-1.850389082398275,-1.096826883452972,-0.3377073991204435
1911,-1.7652558146378632,-3.3549533131880875,-4.351070750553436,-5.419807264135747,-6.041075047661316,-5.995071042702095,-5.616596112977286,-5.251815532896617,-5.093745200819263,-5.007889068428232,-4.989950702903423,-4.970021321211001,-4.951611953646795,-4.694766719799848,-4.281638460642613,-3.6057522775400543,-2.7453938769926696,-1.7997331748925556,-0.9710901655909931,-0.05058512414666631
1912,-2.098950612068061,-3.635300773212707,-4.433825319907768,-5.3646708670980585,-6.0116672544255,-6.057604349612527,-5.7023834537424944,-5.317704080348227,-5.169924151779638,-5.0862752083050005,-5.035953102080546,-5.014041087231089,-4.937431301837839,-4.69159991398648,-4.2665573848677685,-3.6586606755299402,-2.8217453535500936,-1.9126465675059705,-1.1419280149544082,-0.3547952830372227
1913,-2.061059530824663,-3.553300159872113,-4.479771776593758,-5.422747444926213,-6.069209895732835,-6.033120222376815,-5.71352982611108,-5.320562975495356,-5.138411849038414,-5.035337906736627,-5.064352576602245,-5.004156327998547,-5.015698088438718,-4.683347967052115,-4.251840832300456,-3.6388709847606906,-2.7780596605682386,-1.891608534204728,-1.0838547192428856,-0.4828100829374016
1914,-2.085942628022196,-3.6797215163291703,-4.522668964476347,-5.4815193107693,-6.075281033201093,-6.009628517735653,-5.649294289372131,-3.158415922499622,-3.23907853218572,-3.1722546779836085,-3.301632629038409,-3.4182723324526214,-3.4338962086253955,-4.078668082837093,-4.202041137677475,-3.5634810447196026,-2.680892337059892,-1.8010282923603735,-0.997728578968932,-0.4483047617342792
1915,-2.12855615847833,-3.4941024560526364,-4.27874828522038,-5.217106111123213,-5.869246914383732,-5.875638981602393,-5.567243110517374,-3.7685289057894167,-2.9759884715173945,-3.0731318108154952,-3.1624009779402216,-3.288735143040265,-3.3545237414644835,-4.056990975680752,-4.19744097622686,-3.6068571686365463,-2.723478609259429,-1.8215858872755148,-1.054455700091616,-0.6846017965786371
1916,-1.9458621502072768,-3.580383857960637,-4.363950987946652,-5.336226939621256,-5.96268274568253,-5.941912768278733,-5.537336267020537,-4.168529460411477,-3.403099188951752,-3.364624401431315,-3.4453687290075594,-3.5549781299225343,-3.666570167194102,-4.284101694518677,-4.3004097820015605,-3.6520076513380855,-2.7589856647819637,-1.8051365446697325,-1.0637240239538892,-0.7127317116408337
1917,-1.8927893755254348,-3.4391485010907274,-4.330801342598436,-5.328570409719059,-6.011259174436161,-5.9358406433599855,-5.4570786589329785,-4.3245882600266174,-3.908877956284073,-3.743546855456244,-3.780907027570609,-3.910324448792565,-4.0138896318317165,-4.451591098059791,-4.280192328792613,-3.603729809072256,-2.7135653817903203,-1.7739057987384923,-0.9209038559881368,-0.3094928747823721
1918,-1.762787246757782,-3.1294008184405984,-3.815213949500085,-4.861482798693816,-5.372179215146493,-5.36488461082015,-4.9111520156113055,-4.292771110999474,-3.4944646496325986,-3.335690579460036,-3.30288262920117,-3.3876791658612477,-3.410308764530618,-3.9138246273747743,-3.996492162054596,-3.557816104603793,-2.74452229517223,-1.8253203892701064,-1.0305238260355796,-0.1774020773005746
1919,-1.8788872166248216,-3.504393574490605,-4.2355395308891435,-5.3331158720907315,-5.859384206750773,-5.897609971636357,-5.38300417471523,-4.983798640142696,-4.625066817702548,-4.538914390211026,-4.459771983298736,-4.497572175390073,-4.5392888168745795,-4.583506546352065,-4.279253463306395,-3.659942204219339,-2.7858928307232973,-1.819763960037696,-0.9925267359132136,-0.4102203965920259
1920,-2.0244156222128318,-3.6681360929760367,-4.4318893738462855,-5.438959696350503,-6.0372990834517815,-6.0606002859428445,-5.608926943643521,-5.269146989248257,-5.0122365754632305,-4.9983609332208685,-4.982339424941409,-5.001923353494234,-4.991126827708213,-4.839248302355081,-4.398562603313981,-3.728577080972482,-2.89489195862792,-1.939637861045296,-1.0940726086260781,-0.4302445994723873
1921,-2.0477878478780416,-3.7969993288593638,-4.690183560315048,-5.533027554233712,-6.156810999695975,-6.123397218368808,-5.754339198273352,-5.349189696921793,-5.062613033188969,-5.098155891625751,-5.091628453305788,-5.078700025010385,-5.093582214917181,-4.839501082942878,-4.3925619365892645,-3.7279113850876953,-2.8620583910816286,-1.9230328416714704,-1.093156200225912,-0.08515818611815594
1922,-2.3536257877086326,-4.082870640148474,-4.865107398131314,-5.774741563596696,-6.275420237818949,-6.246098765513562,-5.796885092918526,-5.369169107519988,-5.220986023611713,-5.175038350387865,-5.0718194474212535,-5.08159438303675,-5.065461136380034,-4.826190991921322,-4.349598167454544,-3.6597090768141567,-2.8141943570592405,-1.8495178277046849,-1.0395606680755494,-0.2769096373746889
1923,-2.2224346988112167,-3.837193864807497,-4.837732959218793,-5.779584188072483,-6.321636671180714,-6.3089187778934335,-5.738684526665466,-5.369813368253106,-5.163262135555172,-5.205009189414385,-5.1466268533076045,-5.170100068747283,-5.1252047488393915,-4.838490343753861,-4.356826833652138,-3.7171966274957167,-2.8952174794641268,-1.9349049292486395,-1.1171042153078012,-0.4018740636334206
1924,-2.3476766056158564,-3.998398221174892,-4.9194700563441645,-5.8777787827041665,-6.3631081067406345,-6.300165986783838,-5.790975686358577,-5.362962560041568,-5.14972496249821,-5.13807101740594,-5.130432857551852,-5.1578600138527815,-5.115495934712431,-4.7911383837022425,-4.34426852907128,-3.6644990853885577,-2.8271040438920387,-1.9112391934467647,-1.1122295846272947,-0.4934343982956346
1925,-2.3070048457276453,-3.825295001918322,-4.7802381140707375,-5.763851001122321,-6.352147512444253,-6.24300757294389,-5.7050833203892495,-5.3358115709756175,-5.1396056753932164,-5.127056757113507,-5.150069790087834,-5.138752796876698,-5.1060454789009135,-4.786811973877289,-4.3141437122859205,-3.6594371635139775,-2.843045521889727,-1.8583929833317063,-1.0147914961842717,-0.6094974475693605
1926,-2.228674997559488,-3.810730753946274,-4.794758078774091,-5.748047890954218,-6.380662682752273,-6.288792996611567,-5.693436182602057,-5.347087530917466,-5.079342492106046,-5.159773557099976,-5.153005635387983,-5.165010999239811,-5.121175869795624,-4.789213223680386,-4.320893906671143,-3.679285622442616,-2.842616414683582,-1.8797778985792848,-1.0719800948674392,-0.4248834292594113
1927,-2.3793797479731182,-3.973313473871253,-4.863681881140092,-5.839945899469073,-6.4278013188832315,-6.316640823987344,-5.816839196948497,-5.368525261591533,-5.237786866808005,-5.176453778791196,-5.176276740639012,-5.200102319051082,-5.1457679680877515,-4.905869955521176,-4.377875263551405,-3.7212373702220622,-2.8619709073754134,-1.8908198723374012,-1.0536551755475074,-0.602995738738121
1928,-2.2831648917545664,-3.8753054224929833,-4.9396643802256754,-5.789994171475266,-6.363688321436344,-6.279680095165906,-5.830707168229867,-5.3764951476120615,-5.18463160214422,-5.2195061861237475,-5.204098691309055,-5.256216190529401,-5.188208143868007,-4.914280205853493,-4.407713741609867,-3.7453228295371477,-2.8930673878441753,-1.9626189671185768,-1.0915641850070077,-0.2462087700785407
1929,-2.248883201606501,-3.889185771525389,-4.865756032778172,-5.753708283425927,-6.356171662743979,-6.309468379446153,-5.753708283425927,-5.392408289947632,-5.155603264348861,-5.191617747888982,-5.18463160214422,-5.194317776529552,-5.1457679680877515,-4.858644087110135,-4.314592310424285,-3.662821919794647,-2.773549183334905,-1.7960506632452964,-0.9392676920381716,0.014798953302071718
1930,-2.425193502061425,-4.119908554353374,-5.04958404423483,-5.874570795636482,-6.437126844967558,-6.459230681413525,-5.940771432792463,-5.446121561316431,-5.321176660694119,-5.280870452944316,-5.2652695125018365,-5.25583275494188,-5.205555886466725,-4.9062752787720125,-4.38523176562283,-3.752543690882824,-2.9321942527500027,-2.0431096124324464,-1.2274734609115303,-0.15447256496005296
1931,-2.494411679802305,-4.117940776077288,-5.073255656077922,-5.933573068692205,-6.4234789904496825,-6.4302796348977,-5.8660661377136485,-5.488993727724745,-5.327952171677729,-5.285796085994365,-5.267206371522983,-5.2648825904618,-5.221171157371383,-4.931177372761541,-4.405090574272434,-3.7523305666945537,-2.891840836463852,-1.9066115543194968,-1.0311321608010473,-0.13950807460230888
1932,-2.4595898418042106,-4.118862690035826,-5.104891030021977,-5.905286850866929,-6.457316805231241,-6.409407176727259,-5.9634603506983845,-5.5506322951625275,-5.358492089584106,-5.303731999249536,-5.321381306146589,-5.326099747560488,-5.254491887008006,-4.904789896012916,-4.392076970527383,-3.7184318563759606,-2.881511129463968,-1.9650491366090683,-1.1095872943212357,-0.3585581446199764
1933,-2.507557248708149,-4.252192066893649,-5.149035663832282,-5.992264867278752,-6.513014134236947,-6.456042919708652,-5.997885114910905,-5.535052871381715,-5.477683295516359,-5.394167692204872,-5.377144147094008,-5.347927867101372,-5.282640887163028,-4.892452338418545,-4.387642373459517,-3.7164151043084575,-2.8820822113226554,-1.942975459472335,-1.0607646331117393,0.015938307676360976
1934,-2.548229909654769,-4.240943825896524,-5.176099733823787,-5.997482619433545,-6.519775485214993,-6.541030999190402,-6.1302669499884415,-5.661297863050046,-5.506572305368496,-5.408132232555244,-5.377577047533669,-5.366168033456211,-5.3069545599437005,-4.954302220756095,-4.42068430636476,-3.741436704852613,-2.9361434821423336,-2.0213688792258764,-1.2386332645895608,-1.1509029223384473
1935,-2.596754831581381,-4.355813227857977,-5.3055434116397775,-6.087094778123232,-6.646930660700238,-6.6538885550250875,-6.09904975778792,-5.599422459331958,-5.495305960385394,-5.401236420555878,-5.41417725264257,-5.368096261155953,-5.291540382269013,-4.930208044983641,-4.359013480364881,-3.7134590730883263,-2.8919850585661386,-1.989747100661147,-1.1045166853624366,-0.4504331857648769
1936,-2.5949849433463403,-4.306177322390444,-5.288961271624012,-6.098159285778945,-6.652338167117631,-6.601742249845632,-6.234300731767927,-5.672865372021478,-5.486093774024955,-5.47505454504809,-5.48055892654182,-5.428198287402557,-5.351507195062156,-4.946253035166987,-4.406647249856129,-3.756815741125763,-2.9235232461122003,-1.9779974853464228,-1.1555065021179376,-0.1729484221894669
1937,-2.6161047666188506,-4.342113853362715,-5.3389310494333335,-6.167247527062354,-6.650017082903428,-6.6150856650193175,-6.213608598089109,-5.674320764506582,-5.512748977260225,-5.507804591414762,-5.431163279881465,-5.403677882205863,-5.343105549338171,-4.9483649683701305,-4.416286871358996,-3.754335729592552,-2.941907186859084,-2.0556781411611182,-1.2292495875107288,-0.31435053575018185
1938,-2.6103882434420487,-4.4058276448598335,-5.351507195062156,-6.178758445528494,-6.679027349374026,-6.656996560634954,-6.219118253900078,-5.777321377991071,-5.452868126396635,-5.4245610931222865,-5.4396505426646815,-5.397916731770792,-5.348558582984785,-4.947378844461241,-4.3999462359768335,-3.757500965991975,-2.9108765516535247,-1.99998731481948,-1.1571655572186796,-0.4301415833287439
1939,-2.634302651035583,-4.524789074041278,-5.459425526942795,-6.2764835021402785,-6.789083749264639,-6.805198690657044,-6.3133240713613485,-5.866772103150665,-5.590007460397357,-5.488993727724745,-5.541153551207984,-5.473385294630684,-5.384311079715013,-4.977539066607067,-4.446714500296118,-3.7358452833946814,-2.8871649053486985,-1.9614665244530936,-1.079713010445341,-0.43805700052067137
1940,-2.3537099805101978,-4.131299045215867,-5.194317776529552,-5.986676030376184,-6.432764108225363,-6.410014894764802,-6.027299000117197,-5.521460917862246,-4.404435856187011,-3.671668417383582,-4.050136307557779,-4.188040046349424,-4.246028287485571,-4.589198416478394,-4.299157156851587,-3.632310102626042,-2.723661424616428,-1.7392106633250364,-0.8509993691929069,0.054928429271553836
1941,-2.4789762693072546,-4.4757221188012055,-5.356370297996653,-6.136721559765121,-6.618075203867682,-6.627097821467321,-6.1821409082846905,-5.7556022233859965,-5.5082979313359655,-5.245155818433805,-5.171508519684341,-5.282640887163028,-5.243829181263966,-4.863422914415869,-4.3408846913427075,-3.7368099878714864,-2.8750556505844496,-1.9134594159748157,-1.0036585360127588,-0.3246241037735985
1942,-2.5117024725751635,-4.455888483272337,-5.37736057388849,-6.1497571261025765,-6.614339674682594,-6.6158322122731015,-6.154454175602446,-5.554759203263762,-5.061981221447844,-4.938547217702002,-4.999250349229691,-5.1903602250429435,-5.197386647969596,-4.982047837244343,-4.467410246283606,-3.752714222943264,-2.864265510811685,-1.8762329784211047,-1.0163348490997548,-0.11447526237533948
1943,-2.4452898612367826,-4.4872982653932025,-5.249146322541588,-5.889991578177347,-6.266954578794402,-6.255951061956575,-5.919329949348782,-4.995106492478628,-4.356358887925303,-4.2376838958377085,-4.115241387935087,-4.532477500594651,-4.722603282880186,-4.756458300201873,-4.50405868461968,-3.8144426770892816,-2.9269340876837213,-1.9543889930764535,-1.1048788828183371,-0.21696269223912865
1944,-2.434620462362464,-4.4073034178586745,-5.1905397743746065,-5.607836133608992,-5.750874082190053,-5.7616234743460515,-5.416650553509902,-4.742824351286887,-3.9613708250584856,-3.877959800152445,-3.474865450587492,-3.637084285686233,-4.13679287848694,-4.374296588611971,-4.209957454344279,-3.6899600377341812,-2.8355711214300494,-1.8535497701845065,-0.968913857463813,0.08383826465595595
1945,-2.1012864129373203,-4.200171853469371,-5.164835975173554,-5.965017377093134,-6.343578479719152,-6.3045328059501795,-6.0606002859428445,-5.641653103190652,-5.307761825376036,-4.977248875078622,-4.7856135077702735,-4.603271988705012,-4.898199864766466,-5.009236273182547,-4.584191779602898,-3.8765593411525767,-2.9762041937464456,-1.959250740352388,-1.0630434277253442,-0.2799414419151778
1946,-2.459449451518988,-4.63676405757927,-5.571439287668488,-6.356747865583315,-6.897804948128968,-6.924901437817107,-6.596600850345213,-6.127971791762644,-5.985084940143943,-5.898338569118497,-5.782825681996653,-5.721132112991314,-5.682510339380661,-5.4396505426646815,-4.813671460565431,-4.043613425815743,-3.1349713526459837,-2.111667256974734,-1.2425022897654805,-0.4737209298544495
1947,-2.594422453375973,-4.918922486173057,-5.862543767041142,-6.715483391335014,-7.098915784443296,-7.1954373514339185,-6.7204461806771425,-6.286104100127263,-6.0937187811467375,-6.027299000117197,-5.957642998632472,-5.957642998632472,-5.856933654150375,-5.534039700069107,-4.801793527492905,-4.0887601839282,-3.1611259193272967,-2.1408234501654517,-1.2874848565549522,-0.3805417904249425
1948,-2.839720469550397,-5.2208009241202085,-6.052064169236911,-6.950662779993412,-7.346260241168503,-7.445609575136047,-6.9728272757258525,-6.4923398400208034,-6.332828729809622,-6.192357489487373,-6.083141335679886,-5.966576831600202,-5.927551221364329,-5.514981951764537,-4.807653634605998,-4.069671462017216,-3.1871107204382016,-2.2290651508389376,-1.3878555791868448,-0.541802147166091
1949,-2.7751520046429454,-5.0325742016150095,-6.067050534064577,-6.999870567889942,-7.377758908227872,-7.329349769020184,-6.9117633003796755,-6.5871221063906695,-6.425329129737843,-6.374776850575013,-6.166770769008032,-6.133950195404737,-6.101279413115188,-5.512253437111332,-4.764400411558649,-4.022005296164377,-3.0636685605658185,-2.04792737086468,-1.1761501361250242,-0.612754995499207
1950,-2.927737233068183,-5.305946393712528,-6.295818153847735,-7.097705862940583,-7.443898710732419,-7.459402897268382,-7.0435750021246735,-6.771477660689589,-6.592944539142104,-6.374776850575013,-6.28771657024283,-6.202679527556918,-6.137647057286062,-5.6048425268012965,-4.763111374056668,-4.064416895980412,-3.1710623279591954,-2.1529675293732184,-1.2688029235296467,-0.17598447855618862
1951,-2.963710487531253,-5.189642349922381,-6.309468379446153,-7.124668280545712,-7.507412116454742,-7.588973888676809,-7.107426474111206,-6.791751603225831,-6.713834586344831,-6.464994386130277,-6.293651305762644,-6.209123168191622,-6.156810999695975,-5.58466699376604,-4.724855028934071,-4.041846993264347,-3.1238156763190847,-2.078186329787996,-1.1878173427361296,-0.2365593926180657
1952,-3.0662191176052724,-5.187312808505125,-6.301801310124569,-7.212922665774938,-7.8596731884994435,-7.824046010856294,-7.255895320471032,-6.933073086966427,-6.751606596492206,-6.532749378358681,-6.496308099196424,-6.353295618196085,-6.331703870298438,-5.658426772935403,-4.783938064582748,-4.097389192408326,-3.187692129887948,-2.184011258990003,-1.2761851384398606,-0.4831310176056387
1953,-3.1537437299304183,-5.470767803546729,-6.337340863804489,-7.236259345954172,-7.796917343468039,-7.62930193406378,-7.387405285279678,-6.9433824566252875,-6.789083749264639,-6.604692104492054,-6.5348133625795315,-6.41856195534326,-6.277547898196066,-5.651284905698447,-4.758554492887448,-4.047842728570681,-3.134741499291411,-2.0877963460625897,-1.1797453405509095,0.1279718419224147
1954,-3.1680401351657053,-5.488267950506484,-6.447801985589902,-7.4769164797610905,-7.872711182837572,-7.8806163623446865,-7.406981766904776,-6.941312062510978,-6.818829069787736,-6.735484058041683,-6.557098407368968,-6.497634359337778,-6.346426673043039,-5.717779984300054,-4.8250690071374125,-4.087984828269518,-3.218226036026704,-2.1954182098008515,-1.2899737828491509,-0.16988955535886496
1955,-3.2337103138266565,-5.484165133118548,-6.557802880804233,-7.5092352710162595,-7.995427627611912,-7.816573996017591,-7.408630571894959,-6.9685674183788935,-6.7380125043950425,-6.744786450703997,-6.5231733817903965,-6.462428637448842,-6.416724282544326,-5.748047890954218,-4.834709144391161,-4.103970745616733,-3.2409425132174485,-2.175062969916929,-1.2634645264489694,-0.4436406076875139
1956,-3.2975403160518835,-5.739927921292554,-6.5980671262677415,-7.482230929824584,-8.031685375634536,-7.8596731884994435,-7.400413598792678,-6.9771053571169315,-6.864695789521691,-6.937184089672949,-6.690227466453563,-6.504960399429852,-6.374190168246657,-5.711109250042663,-4.798633583200892,-4.084651690251201,-3.1859972963022614,-2.15126412731988,-1.2167001207702108,0.015584921738329472
1957,-3.3668249408721573,-5.636310759541187,-6.5798914168975235,-7.466371566584476,-7.891254760549742,-7.756387362382478,-7.459402897268382,-6.8723881351448455,-6.959048573369688,-6.896815338943803,-6.49300012396688,-6.45986945499002,-6.322193309102129,-5.803492318805213,-4.88276992309836,-4.068033747432303,-3.2013060807581413,-2.221751928582999,-1.2651179782727913,-0.29532856584431283
1958,-3.4420506266707016,-5.7922858732476055,-6.729609093598663,-7.615001383921584,-8.07893826048508,-8.095198781356864,-7.445609575136047,-7.0310534953266295,-6.904759770002339,-6.9889653344076805,-6.651563873621727,-6.54172424011938,-6.461788227564642,-5.824595094872949,-4.950198925292424,-4.1534578267146065,-3.3141485053756328,-2.261587113959973,-1.3189348227956177,-0.6448561885752684
1959,-3.503263330370552,-5.854489092080903,-6.736326163354606,-7.450759801112362,-7.9575774034808155,-7.926632599631393,-7.5055922797377566,-6.942346723751756,-6.896815338943803,-6.8938523738131465,-6.7007411095978116,-6.597333719560868,-6.4302796348977,-5.840633657405398,-4.970885874578973,-4.1485684624325465,-3.3204933542471933,-2.2694211466156133,-1.3433843081118704,-0.2868424250543373
1960,-3.581065949495043,-6.054191377016287,-6.8006962066887295,-7.596910438272546,-8.145629634983754,-7.977780110798334,-7.5694037924827136,-7.124668280545712,-7.066751010472594,-6.882087532233559,-6.7039984414681175,-6.6538885550250875,-6.519775485214993,-5.825950108630407,-4.9621308850366415,-4.118985676138552,-3.3059599317753143,-2.2677296630715733,-1.298671837585027,-0.3751371842407728
1961,-3.6384525349210137,-6.08885689311663,-6.9097572816528094,-7.641724454062338,-8.088662810377077,-7.995427627611912,-7.475151254236523,-7.002065958453377,-6.953799217483544,-6.953799217483544,-6.705631094892002,-6.575577966643804,-6.543112165394228,-5.889630241226714,-5.043520121432032,-4.165110433115428,-3.36526090185785,-2.3535205566737987,-1.4137560039383092,-0.4156821245187648
1962,-3.648543977924533,-6.051214551513755,-6.9320479715511825,-7.596910438272546,-8.059768344377362,-7.966185778017415,-7.514724763301031,-6.947536148993982,-7.0287936073591935,-6.89483905371559,-6.763654935008381,-6.659333920483659,-6.49300012396688,-5.856234597847878,-5.008487602038797,-4.129308747258197,-3.3118961284414223,-2.2627203564990928,-1.2881989727034804,-0.33597915820435803
1963,-3.6421485516263297,-6.165341857119273,-6.905757276319465,-7.540748536722336,-8.053459175184097,-8.191493051776936,-7.544522126105975,-6.999870567889942,-7.033318501957482,-6.691032295470849,-6.689423284665148,-6.699116413870809,-6.515713191206112,-5.8717278655056475,-4.9948111587493695,-4.097208659836752,-3.2883330898834218,-2.2440332060444304,-1.2740984600278729,-0.35190775363998344
1964,-3.7398359631147886,-6.330018949933518,-6.950662779993412,-7.617031841471965,-7.992464662481256,-8.019452807198903,-7.503775748811361,-6.965384391818772,-6.971760608958049,-6.736326163354606,-6.7237684428691225,-6.717134919373487,-6.630123542383858,-5.913763039444129,-5.040270099225946,-4.162858976759264,-3.3560423881552985,-2.351628289173377,-1.4144839811193797,-0.4014422108212721
1965,-3.815032420114517,-6.447801985589902,-7.048167432698883,-7.645899825472817,-8.028613176597569,-8.069307367424122,-7.420248959848824,-7.035588650492022,-6.8997871093329595,-6.739701693985888,-6.827097375964682,-6.690227466453563,-6.646930660700238,-5.863599176110086,-5.0138905868169275,-4.129495169505123,-3.3271015524393013,-2.306372255248624,-1.3493840070997936,-0.420697027024822
1966,-3.816803738847212,-6.438376845130321,-7.098915784443296,-7.619066430169753,-8.156028342204651,-8.031685375634536,-7.3987782754519476,-7.005368107849137,-6.817914574982347,-6.763654935008381,-6.747338557576232,-6.672683156802653,-6.628609537552643,-5.846152815947927,-5.010735299096589,-4.18304463698682,-3.3520929811558466,-2.3792825688665498,-1.4223029586446163,-0.6192500877825733
1967,-3.871841215795314,-6.502957059861678,-7.096497403579013,-7.763421389039857,-8.066117572056019,-8.091925456011893,-7.4698741971356775,-6.930000887929458,-6.9097572816528094,-6.725433722188183,-6.826175291989714,-6.713834586344831,-6.631639842901822,-5.865360670312255,-5.023872520878276,-4.173777455870011,-3.3467660161741177,-2.3619954523256537,-1.3792631382047589,-0.6165732513790194
1968,-3.8803790000936846,-6.495645628155304,-7.171720824816602,-7.610952795395584,-8.0854107749907,-7.980699820901669,-7.323270722943802,-6.865654102963503,-6.852320572094038,-6.791751603225831,-6.817914574982347,-6.774974167748319,-6.759335273863862,-5.896154367303658,-5.031042103873919,-4.18968874260444,-3.3218780124579004,-2.346213104032264,-1.3741365675162984,-0.6095048056233026
1969,-3.9133238511611936,-6.538262831332791,-7.066751010472594,-7.67778350387804,-7.929406526514119,-7.829058552679836,-7.435388021064509,-6.8733538522648034,-6.792642471881633,-6.755892929672892,-6.7610608998313335,-6.682214603068206,-6.656996560634954,-5.837199588096553,-4.968006932040633,-4.144144235774706,-3.2680660690589725,-2.353373251826151,-1.3989906185811285,-0.5322723017732267
1970,-3.9843249171835513,-6.6362025884602405,-7.211566733363801,-7.627246434881684,-8.108400293215398,-7.995427627611912,-7.5616817463888015,-6.745636429505702,-6.816088090456313,-6.748190709310799,-6.808815331127232,-6.738856742520323,-6.6158322122731015,-5.918585901695409,-5.043520121432032,-4.244423542679305,-3.377021975970948,-2.403422519924288,-1.4227799381705002,-0.4700212294006174
1971,-4.040765881320873,-6.652338167117631,-7.139687336329426,-7.664907789517994,-8.028613176597569,-7.88592141457438,-7.299317481921309,-6.705631094892002,-6.7072664182327335,-6.717961707349482,-6.783769299201146,-6.782886296936268,-6.646160541293675,-5.9178424072373685,-5.054117072708217,-4.282289902886346,-3.361246166159928,-2.3972364898435212,-1.4285840989151806,-0.5897840583649776
1972,-4.118002210572776,-6.754176191053836,-7.174328388223683,-7.641724454062338,-7.995427627611912,-7.9748689005908755,-7.514724763301031,-6.667164814064207,-6.5798914168975235,-6.642318815477675,-6.810628568251414,-6.72626740293676,-6.586396680170973,-5.873503749474418,-5.070863119646742,-4.2777386940190265,-3.4040013089948897,-2.4458090211323817,-1.4691239485378182,-0.6749949340010007
1973,-4.171506423521248,-6.758473576266383,-7.176942768797754,-7.686460347903728,-7.99839939800107,-8.001380026139207,-7.411936360029459,-6.673473983257471,-6.635440683661478,-6.629366253441949,-6.843841953238484,-6.7820040736765765,-6.624081227927895,-5.8499649848342825,-5.078700025010385,-4.290578448229453,-3.3982716657459515,-2.4255892349355967,-1.44265732670682,-0.6606528852718827
1974,-4.228790658775024,-6.796213904249231,-7.129649610895915,-7.796917343468039,-7.9575774034808155,-8.138756755695992,-7.501962511687179,-6.708904420236973,-6.72626740293676,-6.767993336606977,-6.8733538522648034,-6.838229216333527,-6.717134919373487,-5.907858963253185,-5.0997944304160745,-4.3130977652350175,-3.424547895270406,-2.4532917104187493,-1.4527205294095282,-0.6507449951991199
1975,-4.299525413162138,-6.880140111949164,-7.250245587928912,-7.923866346138502,-8.149083869851841,-8.07893826048508,-7.563606674798385,-6.722105932095507,-6.699928431779821,-6.826175291989714,-6.881113348035716,-6.878196476740593,-6.802494768324643,-5.9537834801402925,-5.06024579464959,-4.318038264841792,-3.4214817249648624,-2.4508879049797025,-1.4410673869671822,-0.5714287874793188
1976,-4.354022438264283,-6.8830626663917664,-7.3955156298171305,-7.849363818840582,-8.254828926948747,-8.091925456011893,-7.514724763301031,-6.7371689784066024,-6.645391014514646,-6.691837772759667,-6.759335273863862,-6.791751603225831,-6.838229216333527,-5.983496377458805,-5.024937078807115,-4.33004157960793,-3.4481632109429,-2.480743328450121,-1.456047521553251,-0.6006883346745971
1977,-4.424266300281757,-6.949619483080835,-7.374564017331354,-7.851931214345827,-8.3432398842928,-8.142187290792782,-7.573287292509109,-6.708904420236973,-6.7204461806771425,-6.729609093598663,-6.817000915713673,-6.845719888062685,-6.812445099177812,-6.049093659944618,-5.067046928022219,-4.402964305888762,-3.5006089607175714,-2.528344562841624,-1.5205345763283673,-0.6888464420082531
1978,-4.522484819369484,-6.942346723751756,-7.3955156298171305,-7.902007552326003,-8.306122221336299,-8.131930790625592,-7.546414274258013,-6.752462394576103,-6.684611727667928,-6.808815331127232,-6.904759770002339,-6.891881929825847,-6.807005375881994,-6.071373930336285,-5.090978046778794,-4.376442256379982,-3.5064245728747467,-2.5023051293646668,-1.51763843338898,-0.7810760692438189
1979,-4.556761046780403,-7.079730543721948,-7.49294531803699,-7.951879382366178,-8.258682496264736,-8.088662810377077,-7.600902459542082,-6.683013006304231,-6.681416836771407,-6.740547359998231,-6.866613335650962,-6.860871693083286,-6.775850208102199,-6.035207470055901,-5.0890293615242665,-4.380587670479628,-3.5413564028626774,-2.5288585373171832,-1.531921470006272,-0.6922216090334548
1980,-4.5488843749775,-6.991136887921188,-7.449040110232836,-7.8190584693452525,-8.156028342204651,-8.294049640102028,-7.6089346312393475,-6.692643899365192,-6.647701373647831,-6.701554448398238,-6.8151760976890445,-6.818829069787736,-6.807005375881994,-6.081389254635968,-5.104561432128419,-4.405581894295419,-3.577409638291933,-2.5313695241983414,-1.5375685154497252,-0.6425947605520536
1981,-4.606671312114359,-7.044721134055294,-7.5369891337984285,-8.022496949580129,-8.202382451576204,-8.262550973042657,-7.684284068481133,-6.769733981084763,-6.722105932095507,-6.752462394576103,-6.820660572131202,-6.898795537610666,-6.817000915713673,-6.104857234463072,-5.128912201687308,-4.402637588578006,-3.610105242949712,-2.5228079137972785,-1.5276229300137911,-0.6852107574464305
1982,-4.6435992126078744,-7.129649610895915,-7.531376396893473,-7.9047139139237474,-8.473176305999463,-8.355925043820115,-7.6908271670700685,-6.809721538710773,-6.702368449257187,-6.7237684428691225,-6.786422993814613,-6.839162487516526,-6.777604594517093,-6.101725941365519,-5.141313617738372,-4.439994788029106,-3.632574737903469,-2.5808714438054645,-1.5708375839873143,-0.7337691950775341
1983,-4.7058748901097225,-7.086881944879573,-7.485789652441577,-7.932188169475995,-8.270333113484712,-8.232014249182575,-7.712951963350705,-6.930000887929458,-6.749897194366556,-6.75675240544561,-6.820660572131202,-6.828020310963282,-6.714658649020223,-6.1404287002479405,-5.173978092292429,-4.453565601856197,-3.632234505407984,-2.5660299410817813,-1.5179349709727297,-0.5639187825521598
1984,-4.757971776246055,-7.243228015270266,-7.612975040776353,-8.108400293215398,-8.468403027246806,-8.326572831807589,-7.688641373850089,-6.993313167343785,-6.803395263657894,-6.755034191964473,-6.828020310963282,-6.8061016252556366,-6.7610608998313335,-6.086654734111731,-5.216368783900869,-4.4560607634002505,-3.674424433144352,-2.618474614509845,-1.5810253979974225,-0.6957505664300603
1985,-4.768395247091059,-7.183508780568644,-7.775255846686861,-8.239561454817956,-8.381788554410036,-8.3432398842928,-7.71519160594421,-7.055095866880847,-6.881113348035716,-6.817914574982347,-6.831720592706139,-6.848543419350292,-6.758473576266383,-6.120207423000708,-5.2195061861237475,-4.487209388354526,-3.690761223531955,-2.5987160906394333,-1.5641634448995605,-0.6540437819800571
1986,-4.79984776499163,-7.3278265394796644,-7.701828378132043,-8.247166054203177,-8.444872529836612,-8.458924283292262,-7.910148709909704,-7.0276655756546935,-6.840096630508323,-6.835434617402512,-6.8830626663917664,-6.860871693083286,-6.811536421241593,-6.129807496729727,-5.276360199195994,-4.455544012032278,-3.6548259139890846,-2.64998886168894,-1.590071654843137,-0.6861894418591464
1987,-4.837480625127118,-7.33853819507459,-7.834096346709794,-8.170063660321036,-8.584401941109688,-8.412833176091995,-7.926632599631393,-7.18746918178474,-6.923884660912019,-6.942346723751756,-6.906755778649052,-6.838229216333527,-6.798900874070054,-6.2036681583838575,-5.289555860879464,-4.514963918101943,-3.750882525555669,-2.690234841232209,-1.6364135040390486,-0.761220474987513
1988,-4.826190991921322,-7.27303859745747,-7.826549141074411,-8.302081811799292,-8.685611843041201,-8.454218392254848,-7.923866346138502,-7.103770162908094,-6.965384391818772,-6.869496566865046,-6.903763257712599,-6.8599179495679765,-6.795319849652349,-6.207136083583491,-5.322200307011369,-4.518900750835916,-3.761665223839589,-2.7264535079041403,-1.6650087635894109,-0.8439514658164305
1989,-4.8733111032330365,-7.341619861611999,-7.891254760549742,-8.390560540482872,-8.507242860563071,-8.568486485803787,-7.934977571563574,-7.14221259019662,-6.947536148993982,-6.870459494238441,-6.8618263470937375,-6.838229216333527,-6.7610608998313335,-6.201691873155644,-5.346038102759448,-4.5584774579961085,-3.8053683275596066,-2.765414518491781,-1.6401136382025618,-0.8004273152858522
1990,-4.898333922009111,-7.410282099933433,-7.8190584693452525,-8.507242860563071,-8.558015185936492,-8.563237129917644,-7.883265370516264,-7.149826840181865,-7.023166130493465,-6.8889335247415495,-6.880140111949164,-6.845719888062685,-6.762789508731951,-6.173466155091018,-5.37174864463392,-4.587035615792608,-3.842543585658343,-2.792105950266208,-1.6735285338937098,-0.7585244533513612
1991,-4.9112878205955575,-7.321756718112588,-7.88592141457438,-8.449534542942423,-8.662218963466495,-8.532306829226286,-7.966185778017415,-7.178252526679818,-6.946496107298567,-6.886972739799608,-6.853267093698068,-6.764521110896228,-6.694258104719733,-6.123853735153728,-5.449605480761819,-4.585367558691911,-3.8517278496443903,-2.8158470154603865,-1.6950557154446242,-0.906209221506584
1992,-4.983214698520263,-7.52765199780249,-7.971966140932914,-8.426438828147774,-8.825077971185538,-8.734106192979809,-8.066117572056019,-7.148553765535067,-7.090476915797432,-6.926938098398911,-6.8589651148127055,-6.703183113253362,-6.650017082903428,-6.156339190298216,-5.413503776357154,-4.62537289330561,-3.8551229582953344,-2.8536946616105348,-1.7235813295449431,-0.8248083231927978
1993,-5.042125961187627,-7.491151595582963,-8.095198781356864,-8.502304578922487,-8.668016081150821,-8.679712120914012,-7.980699820901669,-7.236259345954172,-7.014227523492654,-6.926938098398911,-6.937184089672949,-6.749897194366556,-6.666378959406867,-6.146482269374591,-5.456844274776274,-4.613101556314372,-3.862851961421697,-2.8454175128951227,-1.7282439712002258,-0.8736240398550368
1994,-5.112335848922595,-7.621105166859603,-8.191493051776936,-8.568486485803787,-8.668016081150821,-8.487634389174692,-8.031685375634536,-7.2875526403417235,-7.100127171629592,-7.0131157946399645,-6.9208405185307935,-6.7935341348921146,-6.6430859808394285,-6.138573412146193,-5.384311079715013,-4.682807455715245,-3.9134740576954608,-2.8951270463800265,-1.7578277180083846,-0.8957628774226946
1995,-5.295321857568238,-7.567467683455845,-8.220799178362435,-8.606024405122852,-8.92516142974252,-8.552820369059388,-7.875339305243843,-7.3278265394796644,-7.147282309546871,-7.017570144989342,-6.9889653344076805,-6.789972243325755,-6.709724428483003,-6.164390382261574,-5.382351362158046,-4.6791397061882645,-3.9024687926233343,-2.8922915996134844,-1.7533025091984145,-0.8744892172403997
1996,-5.3283642879003335,-7.6908271670700685,-8.156028342204651,-8.818298284200159,-8.881036624833582,-8.703522769607732,-7.9604386357618475,-7.35874090239211,-7.225209509767589,-7.0310534953266295,-7.0690984293909,-6.939245946073508,-6.803395263657894,-6.1894277998918925,-5.455907287122809,-4.6948760990725855,-3.8983173583720334,-2.8642479747970953,-1.744192910501381,-0.8910446139595368
1997,-5.344151902891836,-7.706262975199909,-8.247166054203177,-8.825077971185538,-8.917670758013363,-8.679712120914012,-8.031685375634536,-7.361885559071583,-7.27448055877437,-7.1808772001025885,-7.171720824816602,-7.117242503848861,-6.927957986299656,-6.297989707361243,-5.464608106269464,-4.748463355814566,-3.9106739158588506,-2.931818947810338,-1.7635044291365072,-0.8670435293055425
1998,-5.352140173245544,-7.951879382366178,-8.209708491668277,-8.656455258749745,-9.088122739251931,-8.818298284200159,-8.198739460297702,-7.323270722943802,-7.243228015270266,-7.0761739306071005,-7.129649610895915,-7.139687336329426,-6.990050521708968,-6.308369478236666,-5.467446329556007,-4.724967749443687,-3.922123847607576,-2.9383694361655155,-1.7837079697175742,-0.8693021896513512
1999,-5.4159754100162685,-7.799353398265921,-8.394975558691987,-8.703522769607732,-8.963480294044658,-8.859683500363014,-8.149083869851841,-7.318735567778412,-7.149826840181865,-7.183508780568644,-7.151101537613866,-7.174328388223683,-7.052781051032394,-6.3133240713613485,-5.452401381930752,-4.7543664923502185,-3.950867789251713,-2.9510840085518937,-1.7598771548405001,-0.8332256730317997
2000,-5.382133852641148,-7.768138378917996,-8.377431249041079,-8.963480294044658,-9.230543079293703,-8.721760357157512,-8.135337948947207,-7.374564017331354,-7.2890156983934835,-7.286091719702048,-7.251655031432147,-7.215640058751438,-7.146012468106395,-6.3498552478302175,-5.481999848981332,-4.8104738191739695,-3.981212324781145,-2.9707860345929213,-1.7953579359503435,-0.8862805751976708
2001,-5.393287604139264,-7.836624793063152,-8.2170885989659,-8.910235779525847,-9.04482593349861,-8.721760357157512,-8.131930790625592,-7.308232845579263,-7.226584080430754,-7.2376492002432276,-7.179564002277628,-7.1967715744470535,-7.1308988302963465,-6.361369479817594,-5.488267950506484,-4.828188745114151,-4.029399873581719,-2.984100189324284,-1.8336320153844887,-0.8703952293888286
2002,-5.478640920679319,-7.940579827112244,-8.258682496264736,-8.987196820661973,-9.105980356651939,-8.99522899235924,-8.37309284744248,-7.354042381610557,-7.2446275956246895,-7.230719165578558,-7.227960543139478,-7.182192124683898,-7.174328388223683,-6.385396419402475,-5.498965840034876,-4.846732322826318,-4.027209415237263,-3.002998609546036,-1.8100924969149232,-0.8801203392989543
2003,-5.495305960385394,-7.849363818840582,-8.274247012805848,-8.99522899235924,-9.097011686669179,-8.881036624833582,-8.449534542942423,-7.625195152111127,-7.33853819507459,-7.330875322329023,-7.4769164797610905,-7.31722840848784,-7.18746918178474,-6.419788949362229,-5.4570786589329785,-4.828813862343984,-4.055835640793993,-2.985920566169998,-1.7537471782305014,-0.7919558730292139
2004,-5.512005759091491,-7.989510450583824,-8.492500578825865,-9.161550207806751,-9.251162366496438,-9.088122739251931,-8.449534542942423,-7.5694037924827136,-7.438783610065648,-7.442190768387261,-7.443898710732419,-7.430316158966549,-7.229338903109599,-6.496971009396372,-5.494088971066396,-4.86407045701442,-4.12533999592462,-3.075056905772096,-1.9110769315150864,-0.971861583029466
2005,-5.602399860367599,-8.075717645785039,-8.507242860563071,-9.070578429601023,-9.326874188232134,-9.372859301473957,-8.492500578825865,-7.6375664439136735,-7.4524824544238095,-7.457668291456175,-7.447323371613781,-7.432003923080268,-7.2919482518147625,-6.472731368632427,-5.5100265402365824,-4.851198609839759,-4.1525670714225225,-3.070477371706307,-1.8704845453594257,-0.9350276772111196
2006,-5.567243110517374,-8.025550387067021,-8.487634389174692,-9.12416267573513,-9.484777217677944,-9.06192036685791,-8.458924283292262,-7.772877724281892,-7.58306254141375,-7.592934289892906,-7.571343657300536,-7.418580902748128,-7.397145622028062,-6.536191722549653,-5.5219610429039285,-4.891652977864389,-4.190084834502938,-3.1148086452089285,-1.9171322341512111,-0.9599970905093612
2007,-5.604299196171252,-8.053459175184097,-8.517193191416238,-9.34960243930969,-9.610817938573307,-9.115030192171858,-8.568486485803787,-7.737868314615238,-7.522091279117792,-7.621105166859603,-7.466371566584476,-7.4252698908989245,-7.3955156298171305,-6.603953824650472,-5.590543079049691,-4.8876657317525725,-4.193789277450623,-3.123929347559247,-1.933203225058963,-0.9734909112921556
2008,-5.591883382158792,-8.075717645785039,-8.600574800355286,-9.190537744680004,-9.326874188232134,-9.282911064811016,-8.656455258749745,-7.761071211694904,-7.684284068481133,-7.514724763301031,-7.471630123837943,-7.440485738136179,-7.402051600796917,-6.605430929793487,-5.601045397205089,-4.920291974198653,-4.228996582515326,-3.1645060178026765,-1.9249640581158791,-0.9115345604106834
2009,-5.576181130062479,-8.145629634983754,-8.458924283292262,-9.088122739251931,-9.361163261710765,-9.361163261710765,-8.431015495175185,-7.846802997978909,-7.6908271670700685,-7.639643287858512,-7.496542444217839,-7.357172274619484,-7.382570465225093,-6.578451531839538,-5.621833892009033,-4.926477986089532,-4.241082782333905,-3.2095444974393166,-1.935694506865657,-0.8954592222942221
2010,-5.6276551142686495,-8.145629634983754,-8.656455258749745,-9.326874188232134,-9.372859301473957,-9.180781569734636,-8.492500578825865,-7.918356690327532,-7.701828378132043,-7.59890445687941,-7.588973888676809,-7.366621163817418,-7.397145622028062,-6.687816858616875,-5.657280641004782,-4.902902594293374,-4.2717024583871765,-3.217726485611679,-1.9403267651930924,-0.921165092290416
2011,-5.692842534617867,-8.152550077828327,-8.734106192979809,-9.190537744680004,-9.625855815937848,-9.304651051447424,-8.72791422273189,-7.915613204381782,-7.66277786326017,-7.635493904311701,-7.533243811068268,-7.397145622028062,-7.392263594430754,-6.692643899365192,-5.706887289609679,-4.926064392645986,-4.27327985887199,-3.2771407330001767,-2.0045715742040184,-0.9870807529818164
2012,-5.661297863050046,-8.213391737084573,-8.691546578561015,-9.40879131070002,-9.610817938573307,-9.361163261710765,-8.804875263868016,-7.918356690327532,-7.706262975199909,-7.652195753929633,-7.592934289892906,-7.523941418405953,-7.4698741971356775,-6.749897194366556,-5.712924132573486,-4.914416436355713,-4.275650634794732,-3.2637424462083082,-1.9558301903672144,-0.8933533172795541
2013,-5.624878877060735,-8.282121069236753,-8.617013526698447,-8.979228651012797,-9.581404053367015,-9.672375831572742,-8.987196820661973,-8.128535201624452,-7.7896445841389585,-7.71519160594421,-7.650092703732853,-7.544522126105975,-7.4769164797610905,-6.704814434985447,-5.7464812291893175,-4.934507933708705,-4.276658119048055,-3.289486075035753,-1.9844368630817075,-0.9588668681685668
2014,-5.659000331884308,-8.191493051776936,-8.734106192979809,-9.372859301473957,-9.721165995742174,-9.484777217677944,-8.8387768155437,-8.152550077828327,-7.8391596486663415,-7.834096346709794,-7.671324923838627,-7.567467683455845,-7.433694540558176,-6.8151760976890445,-5.822228229862683,-4.972328459941669,-4.310413199864349,-3.344268994276263,-2.037071945313327,-1.007400495789948
2015,-5.613850367155593,-8.247166054203177,-8.765654550714737,-9.433483923290392,-9.672375831572742,-9.326874188232134,-8.59515473288595,-8.025550387067021,-7.872711182837572,-7.949042501030978,-7.728735831051968,-7.625195152111127,-7.544522126105975,-6.7971087588950745,-5.8054830294825415,-4.943864890462403,-4.284174234506377,-3.3108266536161093,-1.9655130363008653,-0.8988438182704344
2016,-5.620728919520914,-8.3432398842928,-8.628124752123519,-9.200390041123017,-9.446062705497251,-9.596002852788168,-8.778557955550642,-8.105083540589405,-7.918356690327532,-7.814095680003124,-7.747084969720165,-7.619066430169753,-7.596910438272546,-6.867573489349304,-5.829005619410279,-4.94022342985589,-4.298936268141784,-3.346709196378085,-1.9874094562333424,-0.9241339093351809
2017,-5.5748616945893605,-8.202382451576204,-8.866750667586105,-9.326874188232134,-9.610817938573307,-9.484777217677944,-8.852665927704368,-8.145629634983754,-7.854505218341001,-7.809157398362541,-7.728735831051968,-7.62930193406378,-7.612975040776353,-6.85137494554603,-5.8565840649141645,-4.9681506824901005,-4.301516344026612,-3.3631504340252527,-1.975687115092848,-0.9595270969761759
2018,-5.564890475789582,-8.278176290945737,-8.721760357157512,-9.446062705497253,-9.498022444427964,-9.34960243930969,-8.778557955550644,-8.206038762779315,-7.951879382366177,-7.86226722367649,-7.686460347903729,-7.717436275798034,-7.57914096776057,-6.8326478064953315,-5.869246914383733,-4.9970282906900385,-4.329813763226947,-3.3776664191357906,-2.0338794392427837,-0.9707073197213825
